sentence_id,text,mean_eeg_faa_z,ai_valence,ai_valence_z,alignment_score
24,This led to his being hired by Westinghouse company to service their steam engines.,-1.0668016878454385,-0.990298330783844,-2.530925053560284,2.6999951189484177
406,"On August 10, 2002 he married Lisa Marie Presley and filed for divorce less than four months later.",-0.9114594216150558,-0.9701145887374878,-2.5004099493516634,2.279022206236598
390,"During this time, he was prescribed Ritalin for hyperactivity; years later, his wife Courtney Love blamed Ritalin for his addiction to heroin.",-0.8466014224890424,-0.9950699806213379,-2.5381391465517495,2.148792211945835
389,"Together, Professor J. Laurence Laughlin and Roosevelt's girlfriend and future wife, Alice Hathaway Lee, convinced Roosevelt to drop natural history in favor of politics.",-0.8025716816969233,-0.9737069606781006,-2.505841132720543,2.0111171319528496
10,His support abated as the United States entered WWII.,-0.7659820917031647,-0.9678842425346375,-2.4970379657697803,1.9126863640825515
337,"At the age of 17, Franklin ran away to Philadelphia, seeking a new start in a new city.",-0.8282313086268605,-0.8121294975280762,-2.261557733018771,1.8730929207533324
357,"He did not complete his degree, choosing instead to seek his fortune in the United States of America; but the First World War intervened.",-0.7050333862468401,-0.9918270111083984,-2.533236212675294,1.7860161051855827
341,"Details of Cheney's second Wyoming arrest, in July 1963, have fallen victim to time and record destruction practices.",-0.6563839612969116,-0.9953674077987671,-2.5385888164540344,1.6662889834481376
121,"By 1936 he had grown bored with Hollywood, and abandoned his film career.",-0.6379749096878211,-0.9996761083602905,-2.5451029923851705,1.6237118517131324
345,"In 1961 he participated in a CIA mission to Congo, in which he used his athletic ability to rescue US citizens from mobs, but was also reportedly involved in the assassination of Prime Minister Patrice Lumumba.",-0.6913087347667315,-0.8622138500213623,-2.3372785399951863,1.6157810702815056
359,His parents were both members of the Nazi party.,-0.5518334580078983,-0.966174840927124,-2.494453580373462,1.3765229450976706
397,"After the media caught wind of the comment, he apologized.",-0.5261362592580235,-0.9956804513931274,-2.5390620962790447,1.3358926333600922
352,"He left in November 1923 to become president of sales for Stedman Products of South Braintree, Massachusetts.",-0.5680216807577818,-0.8690275549888611,-2.3475799457827,1.3334763065167514
387,These events soon led to the American Civil War.,-0.4976059074009956,-0.9620487093925476,-2.4882154242641095,1.2381506940000955
358,"He received his ""boot"" training at Paris Island, South Carolina.",-0.5032531442935894,-0.9155774712562561,-2.417957160401262,1.216844543739134
398,"He purchased a commission in the army, but sold it again without serving, and in August 1827 married, in opposition to his mother's wishes, Rosina Doyle Wheeler (1802-1882).",-0.49347702136191174,-0.8057705163955688,-2.251943808530762,1.1112825229081598
361,He moved to San Juan where he started to work for the Texas Company as a file clerk.,-0.4762926428623692,-0.701769232749939,-2.094707850947287,0.9976939383522371
370,"His fourth wife was Elaine Barrie (nee Elaine Jacobs, 1916-2003), an actress; they married on November 9, 1936 and divorced in 1940.",-0.40762085254211156,-0.7639380097389221,-2.1886986829735897,0.8921592231114914
360,"After he graduated basic training, he was sent to Camp Lejuene in North Carolina where he underwent advanced training before being sent to Korea.",-0.34150541883551633,-0.9844992756843567,-2.5221576619504447,0.8613305087135932
17,"On May 26, 1943, Edsel Ford died, leaving a vacancy in the company presidency.",-0.3252454880086632,-0.9961230158805847,-2.5397311942799394,0.8260361116944039
163,"Bush began his oil industry career in 1979 when he established Arbusto Energy with Salem bin Laden, an oil and gas exploration company he financed with his education trust fund surplus and money from other investors.",-0.36038187517283815,-0.7953264713287354,-2.236153816623316,0.8058693056096095
287,Clooney left AMC to run as a Democrat in the 2004 election for a seat in the House of Representatives representing Kentucky's 4th Congressional district.,-0.29965261957653994,-0.9832786917686462,-2.520312303181108,0.7552181837992017
115,"Within two years he had left Kulenkamp and become an assistant at Lilienthal Observatory near Bremen, Germany.",-0.3300028261838428,-0.791202187538147,-2.2299184540544386,0.7358793919974703
118,"After his loss, he went back to writing a column for The Cincinnati Post three times a week that has a wide range of topics.",-0.2844868502497506,-0.8669313192367554,-2.344410719170785,0.6669540211886493
369,"He married Blanche Marie Louise Oelrichs (1890-1950), a New York mining heiress who wrote under the pseudonym ""Michael Strange,"" on August 5, 1920 and divorced her in 1925.",-0.26788800152473724,-0.9503234028816223,-2.470488337322692,0.6618141834755469
169,"Married to Almira Geraldine Goodsell, he built up the National City Bank of New York, and his son William Goodsell Rockefeller and Elsie Stillman, daughter of National City Bank president James Stillman, were the parents of James Stillman Rockefeller.",1.2348800126099477,0.9977467656135559,0.4747318334863485,0.5862368525219657
201,"He achieved national fame as a hero of the American Civil War, in which he commanded Union forces as a general, and as general-in-chief (1864 - 1869).",1.1776622862487618,0.9994572997093201,0.47731793105263526,0.5621193259509752
204,"He participated in various commands in the Pacific Theater and earned the rank of lieutenant, commanding a patrol torpedo boat or PT boat.",1.1627755967040196,0.9902352690696716,0.46337546065553836,0.5388016777617436
188,"As a child, Hillary was interested in sports, her church, and her school, a public school in Park Ridge.",1.1108115571443602,0.9981719255447388,0.4753746181382519,0.5280516198010572
316,He was noted for his involvement in conservation and the protection of wildlife.,1.1036748723152896,0.9996520280838013,0.47761233417302895,0.5271287319346252
142,Ball however was elected to the Senate for the same seat in 1942.,-0.2229059847260276,-0.8033621311187744,-2.24830265380697,0.5011601170089838
280,Benjamin Everett Jordan (8 September 1896 - 15 March 1974) was a Democratic U.S. senator from the state of North Carolina between 1958 and 1973.,1.15115246815011,0.9714871644973755,0.43503084728187463,0.5007868335699636
103,"His father-in-law, George Herbert Walker, and Walker's partner, Averell Harriman, brought him on as an officer in their investment banking firm, W. A. Harriman and Company in 1926.",1.0143382773064666,0.9985803365707397,0.47599208069746146,0.4828169871461837
195,"Julius Henry Marx, known as Groucho Marx (October 2, 1890 - August 19, 1977), was an American comedian, working both with his siblings, the Marx Brothers, and on his own.",1.011109024132241,0.9947056174278259,0.4701340263211425,0.47535675656493165
177,"In 1999 Bush cofounded a educational-software company, Ignite!, which uses multiple intelligence methods to provide varying types of content to appeal to multiple learning styles.",0.9857160486903203,0.9914602041244507,0.46522739776212274,0.4585821122645596
206,"Ronald Wilson Reagan (February 6, 1911 - June 5, 2004) was the 40th President of the United States (1981 - 1989) and the 33rd Governor of California (1967 - 1975).",0.9562807920024815,0.9981539845466614,0.4753474937613806,0.45456567781052765
228,"Josiah Wedgwood (July 12, 1730 - January 3, 1795) was an English potter, credited with the industrialisation of the manufacture of pottery.",0.947224650584617,0.9948537945747375,0.470358050244405,0.4455347397924183
205,"In this he was assisted by his son, William.",0.9690707398160161,0.9833157658576965,0.45291410214727196,0.4389058040409635
354,"After his discharge in 1919, Bush went to work for the Simmons Hardware Company in St. Louis, Missouri.",-0.18798648977272264,-0.8562126159667969,-2.328205480988844,0.43767117584070614
202,"John Fitzgerald Kennedy (May 29, 1917 - November 22, 1963), often referred to as Jack Kennedy or JFK, was the 35th President of the United States.",0.9441614640152596,0.9873995780944824,0.4590882771683235,0.4334534598834876
173,He was one of the founder members of the Lunar Society.,0.9090217004093428,0.9948245286941528,0.4703138041678475,0.4275254539906434
203,"John Fitzgerald Kennedy (May 29, 1917 - November 22, 1963), also known as JFK, was the 35th president of the United States of America.",0.9003993463273459,0.9961158037185669,0.4722660383889095,0.42522803225797934
116,He had an elder brother named Emmet Olson.,0.9581819801542958,0.9704222083091736,0.43342077671191,0.4152959780698308
356,"In 1879, he left home for the nearby city of Detroit to work as an apprentice machinist, first with James F. Flower & Bros., and later with the Detroit Dry Dock Co.",-0.1719325372180134,-0.8726251721382141,-2.3530190592019604,0.40456053697093597
186,"Robert Joseph Dole (born July 22, 1923) is best known as a former Republican United States Senate Majority Leader and Senator from Kansas.",0.832200376889519,0.9971217513084412,0.47378689589208817,0.39428563332671107
179,"Jose Vicente Ferrer de Otero y Cintron (January 8, 1909 - January 26, 1992), was an actor and film director, born in Santurce, Puerto Rico.",0.8362196140298769,0.9949461817741394,0.47049772726816086,0.39343942789811576
209,Bush was elected to a second term in the 2004 election.,0.8293920187542122,0.9933967590332031,0.4681552084084625,0.3882841933921936
336,"Rodgers shortly fled debt and prosecution by going to Barbados, leaving Deborah behind.",-0.16338547645480023,-0.8835954666137695,-2.369604669459562,0.3871589879291699
86,In 1907 he began work with Ernest Rutherford at the University of Manchester.,0.8234924486795906,0.9939529299736023,0.4689960640914725,0.3862147172397769
384,"The most important item on Clinton's legislative agenda, however, was a complex health care reform plan, the result of a taskforce headed by Hillary Clinton, aimed at achieving universal coverage.",-0.18607586571579532,-0.6696971654891968,-2.0462191974359767,0.3807520086071793
199,"Ulysses S. Grant (April 27, 1822 - July 23, 1885) was the 18th President of the United States (1869 - 1877).",0.8063153121264339,0.9958440661430359,0.47185520771064965,0.3804640790836958
259,"Adolf Otto Reinhold Windaus (December 25, 1876 - June 9, 1959) was a significant German chemist.",0.808327231002651,0.9935687780380249,0.4684152780152749,0.3786328246374241
99,He was born into a family of Swedish nobility.,0.7868292836921273,0.9986761212348938,0.47613689423112315,0.3746384514272688
51,Three other children had been born to them but had died young.,-0.147725834899135,-0.9921098351478577,-2.5336638045964044,0.37428760088772267
137,"Clive Jay Davis (born April 4, 1934) is the founder of Arista Records, and member of the Rock and Roll Hall of Fame as a nonperformer.",0.7414536859217007,0.9993751645088196,0.47719375367280586,0.35381706755951403
256,"Johannes (Hans) Wilhelm Geiger (September 30, 1882 - September 24, 1945) was a German physicist.",0.7539442255853099,0.9871755242347717,0.45874953785716344,0.3458715650573379
278,"Henry David Reginald Margesson, 1st Viscount Margesson, of Rugby (July 26, 1890-December 24, 1965) was a British Conservative politician most popularly remembered for his tenure as Government Chief Whip in the 1930s.",0.7156128429915029,0.9967713952064514,0.47325720457232257,0.338668933630211
218,"Weinberger moved to Washington in January 1970 to become chairman of the Federal Trade Commission, subsequently serving as deputy director (1970-72) and director (1972-73) of the Office of Management and Budget, and as Secretary of Health, Education, and Welfare (1973-75).",0.7451192708551525,0.9789414405822754,0.446300710472165,0.33254725996915613
265,"David Manners (April 30, 1901 - December 23, 1998) was a Canadian film actor.",0.6981607049262549,0.9944924116134644,0.4698116877959976,0.3280040591342473
102,Senator from Connecticut and a Wall Street executive banker with Brown Brothers Harriman.,0.7246917552316015,0.9821966886520386,0.45122220787564904,0.32699701382488267
246,"Lawford became an American citizen in 1960, in time to vote for his brother-in-law John F. Kennedy.",0.6779128354300832,0.9985620379447937,0.4759644156353369,0.3226623865671739
234,"Jack Kerouac (March 12, 1922 - October 21, 1969) was an American novelist, writer, poet, artist, and part of the Beat Generation.",0.6531943146751878,0.9974259734153748,0.4742468388141847,0.30977533886610564
175,He was the founder and first president of the Naval War College between 1884 and 1886.,0.6984529023828319,0.9727973937988281,0.43701173782135877,0.3052321166566932
314,"Henry Bolte was born in Ballarat, the son of a publican of German descent (the family name was pronounced Bol-tee).He was to spend the first 24 years of his life (apart from three years at boarding school) in the small western district town of Skipton.",0.8850717588859107,0.9085322022438049,0.339851408840514,0.30079288418232847
219,"Mildred Bailey (February 27, 1907 - December 12, 1951) was a popular American singer during the 1930s.",0.6298284199123719,0.9984379410743713,0.47577679785245974,0.2996577488223827
164,"He attended secondary school (Volksschule), and learned the trade of a joiner.",-0.14722569484778472,-0.6603227257728577,-2.032046305006787,0.29916942921749773
275,"As he once joked, he was the youngest ex-governor in the nation's history.",0.6290128507265705,0.9969333410263062,0.47350204487783515,0.2978388710734676
310,Koldewey was a self-trained classical era archaeological historian.,0.627793104141971,0.9941672086715698,0.4693200246723771,0.294635875125058
171,He was elected to the Bulgarian national assembly in 1913 and 1920.,0.6252724749110461,0.9932900667190552,0.4679939039745767,0.292623706581466
125,"He had also been head coach at the University of Arizona and assistant coach at Eastern Illinois University, Western Michigan University and Iowa State University, his alma mater.",0.7524643134909516,0.9386802315711975,0.3854311756893481,0.29002320501309564
197,"John William Coltrane (September 23, 1926 - July 17, 1967) was an American jazz saxophonist and composer.",0.6093176891322096,0.995622456073761,0.4715201630820534,0.2873055761483994
252,"Johann Joachim Quantz (January 30, 1697 - July 12, 1773) was a German flutist, flute maker and composer.",0.6637406116239277,0.9659428596496582,0.4266486038007658,0.2831840052352151
174,"Bush co-founded the first charter school in the State of Florida: Liberty City Charter School, a grades K-6 elementary school.",0.6037894796709857,0.9912424087524414,0.4648981204428945,0.28070059424223454
215,"In 1775, Franklin became the first United States Postmaster General.",0.5910954529260289,0.993712842464447,0.4686330840581251,0.27700688507745924
123,"Ricky Byrdsong (June 24, 1956 - July 2, 1999) was a former Northwestern University basketball coach.",0.6901974988786057,0.9440591931343079,0.39356344235503843,0.27163650356350183
104,"When it merged with Brown Brothers in 1931, he became a partner in the new firm of Brown Brothers Harriman.",0.5776540176741036,0.9926133155822754,0.4669707472470131,0.2697475282835155
192,"John Sidney Blythe (February 15, 1882 - May 29, 1942), better known as John Barrymore, became famous as a Shakespearean actor, lauded for his Hamlet.",0.5618692391780049,0.9990265369415283,0.47666667566509763,0.2678243423974572
198,"Catherine of Braganza (25 November 1638 - 30 November 1705), or Catarina de Bragana was the queen consort of King Charles II of England.",0.6004758868255992,0.9781486988067627,0.4451021914941312,0.2672731331654561
183,"John Winthrop (February 12, 1606-April 5, 1676), generally known as John Winthrop the Younger, was governor of Connecticut.",0.5958575122455515,0.9802255034446716,0.44824204087395314,0.2670883873590225
59,"At the age of 17, and having barely passed West Point's height requirement for entrance, Grant received a cadetship to the United States Military Academy at West Point, New York, through his U.S.",0.8326975885878591,0.8956990838050842,0.320449459212951,0.2668374919509078
85,She was the fifth of nine children.,0.5667168417333214,0.9944831728935242,0.46979772009362203,0.2662422801849724
211,"Klaas (born August 23, 1983 in Rockford, Illinois) is an American soccer defensive midfielder, who currently plays for the Seattle Sounders of the USL First Division.",0.6042462343520919,0.97440505027771,0.43944229826312775,0.26553135394052374
264,"Elvis Aron Presley (January 8, 1935 - August 16, 1977), also known as The King of Rock and Roll (sometimes shortened to The King) was an American singer and actor.",0.5577830981764704,0.9982466697692871,0.4754876213561808,0.265218958584611
210,"In 1966, he was elected the 33rd Governor of California, defeating two-term incumbent Pat Brown; he was reelected in 1970, defeating Jesse Unruh, but chose not to seek a third term.",0.590527455178354,0.9801946878433228,0.44819545182796494,0.2646717195904807
196,"Jorge Amado de Faria (August 10, 1912 - August 6, 2001) was a Brazilian writer of the Modernist school.",0.5610242860290253,0.9943314790725708,0.46956837943203583,0.2634392648126644
172,He also created the Defense Intelligence Agency and the Defense Supply Agency.,0.7314871157627069,0.9206926822662354,0.3582364196209258,0.2620453253496698
292,"Bush is a Republican, and has Dick Cheney as his Vice President.",0.5490284659260147,0.9950227737426758,0.47061352402656487,0.2583802211403406
258,"Irwin Allen Ginsberg (IPA: /?g?nz?b?g/) (June 3, 1926 - April 5, 1997) was an American Beat poet born in Paterson, New Jersey.",0.6492547799550854,0.9463966488838196,0.3970973611702695,0.2578173598473484
222,"John W. Duarte(October 2, 1919 - December 23, 2004) was a British composer and classical guitarist.",0.5415696692063058,0.9935184121131897,0.46833913150877576,0.2536382685275762
344,His father changed the family name from Levy when he was a child.,-0.10585659264595804,-0.8954670429229736,-2.3875528966695576,0.2527382144034265
168,"In 1867, his brother's company, Rockefeller & Andrews, absorbed this refinery, and in 1870, the company became Standard Oil.",1.001189997517126,0.8502318263053894,0.2517090790843893,0.25200861226353777
305,"He was, for a short time, a commentator opposite Bill Clinton on CBS's 60 Minutes.",-0.10050480597205898,-0.9281597137451172,-2.4369798193236716,0.24492818389894896
182,"Sir Henry Edward Bolte (20 May 1908 - 4 January 1990), Australian politician, was the longest serving Premier of the state of Victoria.",0.5142416671830294,0.9963766932487488,0.47266046828115416,0.24306170722041212
327,"Bush and his former wife, Sharon Smith, were married for 23 years.",0.5105594929012977,0.9924625158309937,0.46674275829856005,0.23829994599226575
193,"John Drew Barrymore, also known as John Barrymore, Jr., (June 4, 1929 - November 29, 2004) was an actor, one of The Barrymores, a family of actors that included his father, John Barrymore, and his father's siblings, his uncle Lionel and his aunt Ethel.",0.4881948249093645,0.9989442229270935,0.47654222794264167,0.23264544953237642
213,"Bill ""Billy"" Boucher (b. November 10, 1899 in Ottawa, Ontario, Canada, died November 10, 1958) was a Canadian professional ice hockey rightwinger who played in the National Hockey League for the Montreal Canadiens, Boston Bruins and New York Americans.",0.5031486373930136,0.9876046180725098,0.4593982700468525,0.23114561359478156
200,"He was a prodigy, learning Latin at three, Greek at four, and writing sermons at seven.",0.47689660000188827,0.9955546259880066,0.471417613112354,0.2248174568742872
191,"Elizabeth Rogers (May 18, 1934 - November 6, 2004) was an American actress.",0.4976417919294317,0.9805593490600586,0.44874677055786044,0.2233151470229592
300,"Joseph Forney Johnston (March 23, 1843 - August 8, 1913) was an American Democratic politician who was the Governor of Alabama from 1896 to 1900.",0.5057948495817117,0.974840521812439,0.44010067267316644,0.22260065353553438
302,"Arnold Alois Schwarzenegger (born July 30, 1947 in Thal, Styria, Austria) is an Austrian-American actor, Republican politician, and bodybuilder, currently serving as the 38th Governor of California.",0.476066587384021,0.9906116127967834,0.46394444177037336,0.22086844712940631
255,"Drew Blythe Barrymore (born February 22, 1975 in Culver City, California) is an American film and television actress and producer.",0.4676376370507003,0.995747983455658,0.4717099436059436,0.22058932340120257
227,"Stephen Harriman Long (December 30, 1784 - September 4, 1864) was a U.S. engineer, explorer, and military officer.",0.4693655577496186,0.987730085849762,0.45958796045653383,0.21571475939469065
67,"He was elected the Natrona County High School senior class president, represented the school at Boys State, and played halfback on the football team.",0.4608872890036083,0.9920733571052551,0.466154402628817,0.214844638884692
83,"Walter William Rouse Ball (August 14, 1850 - April 4, 1925) was a British mathematician, lawyer and a fellow at Trinity College, Cambridge from 1878 to 1905.",0.4633171247187846,0.9891402721405029,0.46171997252430086,0.2139227700951953
224,"John Fitzgerald Kennedy Jr., often referred to as John F. Kennedy, Jr., JFK Jr. or John-John (November 25, 1960 - July 16, 1999) was an American lawyer, journalist, and publisher.",0.48903275841540683,0.9711366891860962,0.43450097573369123,0.21248521069723278
176,"Her mother was a Lyman, another very old American family.",0.5547632597235318,0.9339327216148376,0.3782535789524765,0.20984118846176816
77,"The son of Sir Mortimer Margesson, he grew up in Worcestershire and was educated at Harrow School.",0.44624735845943386,0.9932732582092285,0.467968491767674,0.20882970329356984
189,"John Alston Maxton, Baron Maxton (born May 5, 1936) was a Labour backbench Member of Parliament in the British House of Commons.",0.47450447921858363,0.9732042551040649,0.4376268574111376,0.2076559040679372
217,"Caspar Willard Weinberger (born August 18, 1917) is best known as United States Secretary of Defense under President Ronald Reagan from 1981 through 1987, and for his related roles in the Strategic Defense Initiative program (popularly known as Star Wars), and in the Iran-Contra Affair.",0.43299041858570175,0.9954206347465515,0.47121503637080364,0.20403159584207095
181,"During World War II, he accompanied FDR as a military aide to the Casablanca meeting of 1943 and the subsequent Cairo and Tehran Conferences.",0.4416852972984219,0.9866225123405457,0.45791345822722374,0.2022536419340398
237,"J. Carrol Naish or Joseph Patrick Carrol Naish (January 21, 1897 - January 24, 1973) was an American actor born in New York City, New York.",0.4250741968980991,0.9909541010856628,0.4644622380145675,0.19743091281353603
185,"(July 9, 1845 - December 7, 1912) was a British astronomer and mathematician, the second son and fifth child of Charles and Emma Darwin.",0.42157598932616525,0.9913448095321655,0.4650529366537413,0.19605515185883945
184,"They were lovers, and he addressed both poems and surviving letters to her.",0.4028511832607412,0.999516487121582,0.4774074144620479,0.1923241418134871
254,"Kim Basinger (born December 8, 1953 in Athens, Georgia) is an American film actress of Irish, Swedish and 1/8th Cherokee descent.",0.40543087019476703,0.9951663017272949,0.47083051904153517,0.19088922704926342
194,Kennedy was given the news that his mother's car had been involved in a fatal accident.,-0.07560081976888074,-0.9826200604438782,-2.5193165411730423,0.19046239576998317
84,In 1902 Geiger began to study physics and mathematics in Erlangen and later attained a doctorate in 1906.,0.41255875922063934,0.9843101501464844,0.4544174774939289,0.18747391068306812
131,"In 1876, Meyer became the first Professor of Chemistry at the University of Tuebingen, where he served until his death there.",0.5662225314105711,0.901979923248291,0.32994524397312475,0.18682243126934117
229,"Julius Henry Marx, known as Groucho Marx (October 2, 1890 - August 19, 1977), was an American comedian, working both with his siblings, the Marx Brothers, and on his own.",0.39393451687727626,0.9947056174278259,0.4701340263211425,0.18520202052638796
207,"Before entering politics, Reagan was also a broadcaster, film actor, and head of the Screen Actors Guild.",0.408597872856276,0.9820353984832764,0.45097835882643406,0.18426879812069533
178,"Peyton Williams Manning (born March 24, 1976 in New Orleans, Louisiana) is an American football quarterback for the Indianapolis Colts NFL franchise.",0.40078842675983395,0.9831002950668335,0.45258833928218983,0.18139216847075482
100,"Prior to the war, Lawford had a gained a contract position with the MGM studios.",0.4221546500825742,0.9647035002708435,0.4247748590556337,0.17932068198850581
105,"Despite his father's opposition to him having a foreign-born wife, Adams wed Louisa Johnson in 1797.",0.4208755230923166,0.9652240872383118,0.4255619165559455,0.17910859423865233
230,"Jorge Amado de Faria (August 10, 1912 - August 6, 2001) was a Brazilian writer of the Modernist school.",0.37628389906535287,0.9943314790725708,0.46956837943203583,0.17669102069048548
267,"Stephen Baldwin (born May 12, 1966) is an American actor.",0.37455780815505973,0.9951463341712952,0.47080033078156214,0.17634193997621903
69,"Since then, Miguel has been cast in many major movies, usually in the role of villain.",0.36481633092078725,0.9986853003501892,0.4761507718192899,0.17370757754021432
68,"Following high school, Cheney earned an academic scholarship and attended Yale University in 1959.",0.4389783749119641,0.9433788657188416,0.39253487877494236,0.17231432318088905
214,"Dr. Benjamin Franklin (January 17, 1706 - April 17, 1790) was an American publisher, journalist, author, philanthropist, abolitionist, public servant, statesman, scientist, librarian, diplomat, poet, musician, philosopher, economist, and inventor.",0.3636744086366685,0.9930128455162048,0.46757478278910036,0.1700449826242448
266,"Francis Ford Coppola (born April 7, 1939 in Detroit, Michigan) is an Italian American film director, screenwriter, vintner, magazine publisher, and hotelier, most renowned for directing the highly regarded Godfather trilogy.",0.350570306198385,0.9989030361175537,0.47647995902430923,0.167039725132546
286,"Generally regarded as a member of the moderate New Democrat wing of the Democratic Party, he headed the centrist Democratic Leadership Council in 1990 and 1991.",0.3483393884787788,0.9948227405548096,0.4703111007415813,0.16382788122710376
232,She succumbed to diabetes in September 2002.,-0.06431591351744378,-0.9941752552986145,-2.5367864421623314,0.1631557374263364
135,She was a TV news reporter for NBC's Dateline NBC from 1989 until 2004.,0.4601287526322607,0.9132866263389587,0.34703945882561504,0.15968283330360505
253,"In so doing, he earned his way into the executive program at the bank.",0.3292825135100845,0.9965080618858337,0.47285907999751403,0.15570422639764753
251,"William Seward Burroughs (February 5, 1914 - August 2, 1997) was an American novelist, essayist, social critic and spoken word performer.",0.32738913703596123,0.9935318231582642,0.46835940720577257,0.15333578214777224
58,He graduated from New York University`s College of Arts and Sciences in 1953 and received a scholarship to Harvard Law School.,0.34702011243337394,0.9744258522987366,0.439473748122025,0.15250622948482137
95,His ancestor Johann Valentin Pressler emigrated to North America in 1710.,0.45754323616451753,0.9031121730804443,0.331657053484909,0.15174744154827374
385,"On 29 January 1839, Darwin married his cousin Emma Wedgwood at Maer in an Anglican ceremony arranged to also suit the Unitarians.",0.3274167588127205,0.9901342988014221,0.4632228071857046,0.15166691013687317
269,"Helen Traubel (June 16, 1899 - July 28, 1972), was an American operatic soprano, best known for her Wagnerian roles, especially that of Brunnhilde.",0.3188819802491918,0.997747004032135,0.474732193943184,0.15138354209264587
90,"Elliot and Fokker were able to receive such a large commission because Elliot had close connections to the U.S. Export-Import Bank through his father, Franklin Delano Roosevelt.",0.32917919499872383,0.9859927892684937,0.45696140161046234,0.15042218632762053
260,"Albert Einstein (March 14, 1879 - April 18, 1955) was a German-born Jewish theoretical physicist of German, Swiss and American citizenship, who is widely regarded as the greatest scientist of the 20th century or even of all time, ranking alongside the luminaries Newton and Gauss.",0.3138166502878879,0.9996283054351807,0.47757646871789683,0.14987144766936866
241,"Sir Charles Galton Darwin, FRS (December 18, 1887 - December 13, 1962) was the English physicist grandson of Charles Darwin who served as director of the National Physical Laboratory (NPL) during World War II.",0.31748663031064084,0.995884120464325,0.47191576445901345,0.14982694584856227
240,"John W. Duarte(October 2, 1919 - December 23, 2004) was a British composer and classical guitarist.",0.3190494102742007,0.9935184121131897,0.46833913150877576,0.14942332371620623
277,"He is a strong supporter of the Democratic Party and is of mostly Irish American heritage, although he also has some distant German ancestry.",0.3084631378491058,0.9959338307380676,0.471990919709215,0.1455918001297898
190,"Brooks Adams (1848 - 1927), was an American historian and a critic of capitalism.",0.300760378707625,0.9924479722976685,0.46672077043159466,0.1403711156657209
212,"Jack Kerouac (March 12, 1922 - October 21, 1969) was an American novelist, writer, poet, artist, and part of the Beat Generation.",0.29267959211320166,0.9974259734153748,0.4742468388141847,0.13880237134511086
187,He became a second lieutenant in the Army's 10th Mountain Division.,0.8279526343916522,0.7938246130943298,0.16642895683054343,0.13779529324690298
76,"After attending the Douglas School in Columbus and St. George's School in Newport, Rhode Island as well as the famous Stonyhurst College in England (where he designed the boys' golf course still in use today) from 1908 to 1913, Bush entered Yale University.",0.29464460093476524,0.9873773455619812,0.4590546645684132,0.1352579784490026
233,"Reagan was born in Tampico, Illinois, the second of two sons to Catholic, Irish-American democrat John ""Jack"" Reagan and Nelle Wilson, who was of Scottish and English descent.",0.2890809352710139,0.9922747015953064,0.4664588084263958,0.1348443486053052
170,Libby was a founding member of the Project for the New American Century.,0.28347962324037324,0.997262716293335,0.4740000159960769,0.13436934595049876
247,He and his wife belonged to the Epiphany Catholic Church in Miami for many years.,0.29487308553261293,0.9850132465362549,0.45548046470181514,0.1343089300264526
283,Samuel Adams (5 June 1805 - 27 February 1850) was a Democratic Governor of the State of Arkansas.,0.32245290345102645,0.9536770582199097,0.40810436121327237,0.13159443618424613
110,The couple named one of their sons after George Washington.,0.2780056752200387,0.9924347400665283,0.46670076507722447,0.12974546132100245
378,"Therefore, from a very young age, Lincoln was exposed to anti-slavery sentiment.",0.33737848077915117,0.9327778220176697,0.37650752604131993,0.1270255371377372
220,"Recep Tayyip Erdogan (born February 26, 1954) became prime minister of Turkey on March 14, 2003.",0.2596905468927662,0.9976081848144531,0.47452231795071476,0.12322896026144421
97,"No doubt, his family connections helped him to secure an immediate post-graduate position at the Victoria University of Manchester, working under Ernest Rutherford and Niels Bohr on Rutherford's atomic theory.",0.25007033907636916,0.9992251396179199,0.4769669362090682,0.11927528346601864
225,"Sir Henry Edward Bolte (20 May 1908 - 4 January 1990), Australian politician, was the longest serving Premier of the state of Victoria.",0.25138780365706154,0.9963766932487488,0.47266046828115416,0.11882107699671754
248,Stella Dorothea Gibbons (5 January 1902 - 19 December 1989) was an English novelist and poet.,0.2696521389423586,0.9751260876655579,0.4405324098478852,0.11879050658891402
208,"He remained in Hollywood for the duration of the war, attaining the rank of captain.",0.805586724428001,0.778944194316864,0.1439317643565515,0.11594951858913724
250,"John Davison Rockefeller (July 8, 1839 - May 23, 1937) was an American capitalist most known for his role in the early petroleum industry and the founding of Standard Oil (ExxonMobil is the largest of its descendants).",0.24359187187951833,0.9970909357070923,0.4737403068460999,0.11539928812941887
301,"Hanks is a Democrat and has supported many candidates, including Hilary Clinton, Diane Feinstein, Al Gore, and John Kerry.",0.23927532175853244,0.9980534315109253,0.47519547109100896,0.11370254924349857
226,"Elizabeth Rogers (May 18, 1934 - November 6, 2004) was an American actress.",0.24333942602490732,0.9805593490600586,0.44874677055786044,0.10919778157808054
238,"Dr. Benjamin Franklin (January 17, 1706 - April 17, 1790) was an American publisher, journalist, author, philanthropist, abolitionist, public servant, statesman, scientist, librarian, diplomat, poet, musician, philosopher, economist, and inventor.",0.2302272624879726,0.9930128455162048,0.46757478278910036,0.10764846224994298
107,"As a managing partner of Brown Brothers Harriman, he sat on several corporate boards, including the following:",0.22891322354145432,0.9943653345108032,0.46961956430267665,0.107502128302659
74,"He graduated from Princeton University in 1952, and attended Harvard University in 1954-55.",0.30610090912966753,0.9144591093063354,0.3488120954283897,0.10677169952605443
263,"The Reverend Martin Luther King, Jr. Ph.D., Boston University (January 15, 1929 - April 4, 1968) was an American Nobel Laureate, Baptist minister, and African American civil rights activist.",0.23383915831687802,0.983767032623291,0.45359635682266247,0.10606859029501366
379,"Einstein married Mileva Maria on January 6, 1903.",0.22042411747180787,0.9906408190727234,0.46398859773272194,0.1022742771722169
399,"On November 4, 1842, Lincoln married Mary Todd.",0.21340376100734323,0.9864126443862915,0.45759616609777587,0.0976527428678063
223,"The following year, he was elected House Minority Whip.",0.2587378317279291,0.931829035282135,0.3750730880644521,0.09704559754529493
133,"He won directing Emmys for his work on the original 1854 CBS teleplay, Twelve Angry Men.",0.19432119548616322,0.9984142780303955,0.4757410225115365,0.09244656423625146
79,The boycott lasted for 381 days.,-0.036266191678962244,-0.9950710535049438,-2.5381407686075095,0.0920486996225085
297,Erich Honecker (25 August 1912 - 29 May 1994) was a German Communist politician who led East Germany from 1971 until 1989.,0.26019819695430585,0.9021084308624268,0.3301395302074587,0.08590171050332233
281,"He is in the Gaullist political family, currently a member of the UMP.",0.29984621137551876,0.8636873960494995,0.272052091395231,0.08157378890164639
117,"Nicholas Clooney (born January 13, 1934) is an American television anchorman, game show and American Movie Classics host, as well as a politician from the state of Kentucky.",0.16414295056416844,0.9936400055885315,0.4685229644948802,0.07690474179926077
296,"Vasil Petrov Kolarov (July 16, 1877 - January 23, 1950) was a Bulgarian communist political leader.",0.16249585211460812,0.9887825846672058,0.46117919715684363,0.07493970661953217
82,Burroughs graduated from Harvard University in 1936.,0.16097546662936252,0.9873658418655396,0.4590372725261004,0.07389373914515886
101,"She worked as a librarian at the Fort Erie Public Library from 1974 to 1977, and was head of Special Collections at the St. Catharines Public Library from 1977 to 1990.",0.30219288527606025,0.8424834609031677,0.239994592387511,0.07252465832423395
160,"In 1988 he was named Minister of the Environment, and in 1990 founded the Green Party Generation Ecologie.",0.153425723884909,0.9868329167366028,0.4582315613845515,0.07030450901233692
165,He was a founder of the American Arithmometer Company.,0.14817093429598566,0.9906598925590515,0.4640174342795619,0.0687538967668288
65,He was educated at a religious Imam Hatip school and at Marmara University's faculty of economics and business.,0.37331333322633,0.8032523989677429,0.18068250147667586,0.06745118688192915
72,"Refocusing on academics, Cheney first matriculated to Casper Community College in 1963 and thereafter to the University of Wyoming where he began earning straight A's.",0.21044769783198208,0.8946569561958313,0.31887390238498536,0.06710627865562035
124,"He spent the remainder of his life in private pursuits, such as writing and painting.",0.21364763974864465,0.8882174491882324,0.30913823360078707,0.0660466539648733
87,Einstein attended the Luitpold Gymnasium where he received a relatively progressive education.,0.13998058175138242,0.9946743249893188,0.47008671636148325,0.06580301202987753
119,"In 1974, he gained his first national fame by hosting the short-lived ABC daytime game show Money Maze.",0.14197951575191717,0.9790225625038147,0.4464233559104435,0.06338297189251053
127,Reynolds then signed with Metro-Goldwyn-Mayer and was cast in Three Little Words which starred Fred Astaire and Red Skelton.,0.131678340209287,0.996785044670105,0.47327784072615486,0.06232044052465537
89,He graduated from Morehouse College with a Bachelor of Arts degree in Sociology in 1948.,0.41871378757857675,0.7809417843818665,0.1469518519527789,0.061530766522834325
303,"James Douglas McKay (June 24, 1893 - July 22, 1959) born in Portland, Oregon, was a Republican from Oregon.",0.13366961475728228,0.9863983988761902,0.4575746288018548,0.06116382435465037
279,"In retrospect, many now view Gore as a helpful factor in the 1992 campaign.",0.19151875499207166,0.8722189664840698,0.28495067879672314,0.05457339923729413
151,"They founded the town of Portsmouth, Rhode Island.",0.11800792517232969,0.9715129137039185,0.4350697766201085,0.05134168164412796
347,"Peter Sydney Lawford (September 7, 1923 - December 24, 1984) was a Hollywood actor and member of Frank Sinatra's ""Rat Pack,"" more noted for his off-screen activities as a celebrity than for his acting.",-0.34975276858987375,0.5934430956840515,-0.1365209555896854,0.047748582188027675
91,"Dole is currently special counsel at the Washington, D.C., lobbying firm of Aaron Woo.",0.11302828973513672,0.9532413482666016,0.40744562634639814,0.04605288230599494
353,"In 1925, he joined the United States Rubber Company (based in New York City) as manager of the foreign division, and moved to Greenwich, Connecticut.",-0.31101520677663863,0.5877053737640381,-0.1451956196785927,0.04515804567739969
311,"John Ellis ""Jeb"" Bush (born February 11, 1953), a Republican, is the forty-third and current Governor of Florida.",0.09360141954525933,0.9950491786003113,0.4706534446210964,0.04405383053040072
368,"Barrymore married Katherine Corri Harris (1891-1927), an actress who starred in the 1918 film The House of Mirth, on September 1, 1910 and divorced in 1916.",-0.2991076474346122,0.5869911909103394,-0.14627536812932962,0.043752081238795634
309,She is a member of the Democratic Party.,0.0910547591561272,0.9787776470184326,0.44605307662617727,0.04061525546304612
149,"In 1870 the two Rockefellers, Andrews, Flagler, and a silent partner, Stephen V. Harkness, formed the Standard Oil Company, with John D. Rockefeller as president.",0.0694358193288291,0.9960628151893616,0.4721859268572199,0.032786616706873634
242,"Friends recall him as disciplined and focused, neither drinking nor gambling during a trip to Las Vegas.",0.07614732429804308,0.9672664999961853,0.42864977003724675,0.032640533049307814
57,"Jon Barry played his high school basketball at an athletic powerhouse, De La Salle High School in Concord, California before receiving a basketball scholarship to attend Georgia Tech.",-0.17558435235790754,0.5645424127578735,-0.1802149023893982,0.031642916921286006
145,"John Davison Rockefeller (July 8, 1839 - May 23, 1937) was an American capitalist most known for his role in the early petroleum industry and the founding of Standard Oil (ExxonMobil is the largest of its descendants).",0.0650808221284069,0.9970909357070923,0.4737403068460999,0.030831408644907937
308,"In the Senate, he was aligned with the Federalists.",0.2083040350895681,0.7802287340164185,0.1458738156720106,0.030386104418391686
289,"At the academy, he established a reputation as a fearless and expert horseman.",0.06119820533339411,0.9997909665107727,0.47782239039391594,0.02924187276022007
126,"He went to school at Marlborough College, and went to Balliol College, Oxford University, and was president of the Oxford Union and editor of Isis.",0.06720328162654635,0.8997381925582886,0.3265560485773465,0.021945638099395565
73,"He was re-elected several times, and served until 1784.",0.4909237381565249,0.7130897045135498,0.044368630110271194,0.021781613750618482
109,He later earned a Ph.D. in economics from the University of Virginia.,0.4793289361808286,0.7095606923103333,0.039033238145425565,0.018709760515939776
96,"His employment by the General Electric company further enhanced his political image; he travelled widely as a GE spokesman, and was noted for his anti-Communist speeches.",0.03805434844749318,0.9990829229354858,0.4767519237066931,0.018142483827747184
144,"With his interest in race cars, he formed a second company, the Henry Ford Company.",0.06296697761973787,0.8704848289489746,0.28232889600372196,0.01777739727607166
262,"When she became pregnant, Barrymore proposed marriage.",0.24443936368277167,0.7266116738319397,0.06481202964979936,0.015842611286585886
166,"In addition to featuring in these epochal moments in jazz, he was instrumental in founding Afro-Cuban jazz.",0.032481496366019255,0.9996320009231567,0.47758205579884705,0.015512579809906255
350,He is considered the founder of modern Biblical criticism.,0.03185447757418447,0.9983615279197693,0.47566127143668235,0.01515194130388787
138,"In 1974, he founded Arista Records, naming it after his secondary school honor society.",0.04939317234502179,0.8796554207801819,0.29619359783856,0.014629941425532065
312,"Rather than retire, Adams would go on to win election as a Democratic-Republican to the House of Representatives beginning with the 22nd Congress, serving from March 4, 1831, until his death.",0.03174250631836116,0.978975236415863,0.44635180522859697,0.01416832499768065
140,"Henry Ford, with eleven other investors and $28,000 in capital, incorporated the Ford Motor Company in 1903.",0.026398224734360865,0.9950268864631653,0.4706197419069772,0.012423525711287292
290,"Frank Durward White (June 4, 1933 - May 21, 2003) was the Republican governor of the U.S. state of Arkansas from 1981 to 1983.",0.022550609255152287,0.973383367061615,0.43789765060880614,0.009874858812628387
343,"Carlucci became Ambassador to Portugal, and served in this position from 1974 until 1977.",0.019221838897787346,0.9872207045555115,0.45881784442749046,0.00881932268901528
112,He also served as a Visiting Fellow at the American Enterprise Institute in 1977 and a Distinguished Fellow at the Yale School of Management from 1978 until 1980.,0.01816302260490197,0.9839062094688416,0.45380677350038495,0.00824250268534512
15,"The same year, they were each awarded by one of the UN's own Human Rights Prizes.",-0.3127469546846482,0.6687880158424377,-0.022609566663745348,0.0070710731208258985
111,"Snow graduated with a law degree from the George Washington University in 1967 and then taught economics at the University of Maryland, University of Virginia, as well as law at George Washington.",0.15331524742411484,0.7096164226531982,0.03911749493072343,0.005997308413915421
249,"Didier Julia (born February 18, 1934) is a French politician.",0.012231823507770478,0.9789884090423584,0.4463717204687583,0.00545994010363371
304,"He served as the Governor of California from January 2, 1939 until January 4, 1943, and was the only Democrat elected to that office between 1898 and 1954.",0.01804352586877638,0.8061955571174622,0.18513216088249188,0.0033404369340257127
235,"Bill ""Billy"" Boucher (b. November 10, 1899 in Ottawa, Ontario, Canada, died November 10, 1958) was a Canadian professional ice hockey rightwinger who played in the National Hockey League for the Montreal Canadiens, Boston Bruins and New York Americans.",0.005980813669508922,0.9876046180725098,0.4593982700468525,0.0027475754532449667
150,After a two-day trial she was banished as a heretic in 1638 and led 60 followers to settle Aquidneck Island in what later became Rhode Island.,-0.02217465767337875,0.6212377548217773,-0.09449916804985196,0.0020954867019245577
80,"He graduated from Dartmouth College in 1930, where he was a member of the Psi Upsilon fraternity, the Dartmouth Glee Club, and the Casque & Gauntlet Society.",0.003475357843407767,0.9869957566261292,0.45847775340319724,0.0015933742563177735
321,His work dealt largely with the poor urban black and mulatto communities of Bahia.,0.022107478189130815,0.7123233675956726,0.043210031726768905,0.0009552648339511941
49,"He was educated at the Bury St Edmunds grammar school and at Trinity College, Dublin, studied law for a short time after 1624 at the Inner Temple, London, accompanied the ill-fated expedition of the duke of Buckingham for the relief of the Protestants of La Rochelle, and then travelled in Italy and the Levant, returning to England in 1629.",-0.44194875614560464,0.6899914741516113,0.009447211430303665,-0.004175183340667243
333,"In 1928, Reagan entered Eureka College in Eureka, Illinois, majoring in economics and sociology, and graduating in 1932.",-0.010988820616493911,0.9946838021278381,0.4701010445206943,-0.005165856049864328
159,"In 1997, Coppola founded Zoetrope All-Story, a flashy literary magazine that publishes short stories.",-0.017041462125875362,0.9960570335388184,0.472177185778959,-0.008046589628154546
320,"As an Army officer, he led a pioneering scientific expedition throughout a large area of the Great Plains, which he famously described as the ""Great American Desert.""",-0.019380421764970568,0.9972860813140869,0.47403534076595577,-0.009187004835545768
134,He and his wife had seven children.,-0.02410095626411124,0.993893027305603,0.4689054993115534,-0.011301070930908992
55,"Marvin graduated from Woodberry Forest School in 1975, and spent most summers and holidays at the sprawling family estate, the Bush Compound.",-0.026323381601210637,0.9928790926933289,0.4673725665043855,-0.012302826418032136
285,"Brice Lalonde (born February 10, 1946) is a former socialist and Green Party leader in France, who ran for President of France in 1981.",-0.038133416125763264,0.9809920191764832,0.44940090960008205,-0.01713719189307645
114,"Bessel was the son of a civil servant, and at the age of 14 he was apprenticed to the import-export concern Kulenkamp.",0.008465747306165672,-0.6774923801422119,-2.0580045139010306,-0.017422546169634442
243,"Graham Stuart, (born October 24, 1970) is a former English football (soccer) player who plays as a central-midfielder.",-0.04244981042892053,0.989871084690094,0.4628248628393138,-0.019646827689320016
92,"This has included becoming a television commercial spokesman for such products as Viagra and Pepsi-Cola, and as an occasional political commentator on the popular American interview program Larry King Live.",1.1547153490260367,0.6717302799224854,-0.018161258971062477,-0.020971084491522646
381,"His wife, former first lady Hillary Rodham Clinton, is currently the junior U.S. Senator from New York.",-0.04667073314402916,0.9973942041397095,0.4741988079408545,-0.022131206022624358
295,Lincoln was the first Republican president.,-0.04900348438637475,0.9975911378860474,0.4744965452869766,-0.02325198404835912
323,Jorge Amado went to Rio de Janeiro in 1931 and in the next year started to study law in the University of Rio de Janeiro.,-0.06373355641390843,0.9268993735313416,0.36762010230525943,-0.023429736529159043
66,"He was educated at Marlborough College and, in 1910, he graduated from Trinity College, Cambridge in mathematics.",-0.053118046299279874,0.9776647686958313,0.4443705542322774,-0.02360409567374677
383,"In a valley of the Rolling Fork River, this was some of the best farmland in the area.",-0.05540626479895816,0.9997283816337585,0.47772777047459747,-0.02646911135273145
339,"Cannon County, Tennessee is named in his honor.",-0.06649841261075781,0.994738757610321,0.47018412982127683,-0.031266498267885384
94,He was then hired by the legal department of CBS subsidiary Columbia Records.,0.012445838026069304,-0.9913479685783386,-2.5325119647785677,-0.03151923371271658
273,Reagan's presidency is regarded as a turning point for the United States Republican Party and the American conservative movement.,-0.06898821873992703,0.9979179501533508,0.4749906414942367,-0.03276875827482266
70,"Mrs. Cheney has a BA with highest honors from Colorado College, an MA from The University of Colorado, and a Ph.D from The University of Wisconsin specializing in British literature.",-0.07729246004742804,0.9891183376312256,0.461686810495435,-0.03568490935464289
132,"Returning home after the war, he found work in the television industry with March of Time and then joined the CBS network.",0.4481054141434793,0.6290279626846313,-0.08272142117834362,-0.03706791669565885
221,His fan mail jumped to thousands of letters a week.,-0.1096524726523034,0.9254775643348694,0.36547051796676183,-0.04007474597657351
349,He received training in intelligence at Verdun and was briefly assigned to a staff of French officers.,-0.17977309706868025,0.8388212323188782,0.23445779516583037,-0.042149203968855575
324,"Marvin graduated from Woodberry Forest School in 1975, and spent most summers and holidays at the sprawling family estate, the Bush Compound.",-0.09273493837562811,0.9928790926933289,0.4673725665043855,-0.043341766153243345
366,"Dole has been married to Senator Elizabeth Dole, nee Hanford of North Carolina since 1975.",-0.09679915958219013,0.9837790131568909,0.4536144697786463,-0.04390949944889374
391,"Two years later, he married Laura Welch, a librarian originally from Midland.",-0.10000833659534036,0.9789227247238159,0.44627241461057837,-0.044630961853590015
315,"After working in various manual jobs he married Edith Elder in 1934 and bought a small farm at Bamganie near Meredith, where he lived for the rest of his life, running sheep and cattle.",-0.20802775460283032,0.8275567293167114,0.21742738117322338,-0.045230929894639366
62,"In 1928, Reagan entered Eureka College in Eureka, Illinois, majoring in economics and sociology, and graduating in 1932.",-0.10351812387237476,0.9946838021278381,0.4701010445206943,-0.04866397815922599
161,"Saint Clare of Assisi, born Chiara Offreduccio, (July 16, 1194 - August 11, 1253) was one of the first followers of Francis of Assisi and founded the Order of Poor Ladies to organize the women who chose to take the Franciscan vow of poverty and celibacy.",-0.11557992075406001,0.9698778986930847,0.43259785375646603,-0.04999962565554879
270,"Jonathan Aitken (born August 30, 1942) is a former Conservative minister, and convicted perjurer.",-0.13449829330052912,0.9305496215820312,0.3731387865709562,-0.05018652995802401
148,It was published in 1950 and earned him some respect as a writer.,-0.10690320958989341,0.9997194409370422,0.4777142533432663,-0.05106918694923464
75,"Haeck was educated at Trent University in Peterborough and State University of New York at Buffalo in Buffalo, New York.",0.6124791401441628,0.6285078525543213,-0.08350775776498444,-0.051146759671264704
19,"The Reverend Martin Luther King, Jr. Ph.D., Boston University (January 15, 1929 - April 4, 1968) was an American Nobel Laureate, Baptist minister, and African American civil rights activist.",-0.11468316142798467,0.983767032623291,0.45359635682266247,-0.052019864212639134
306,"Baldwin, a liberal Democrat, has always had an active interest in politics and is frequently rumored to be a candidate for public office.",-0.11671652674443564,0.993251621723175,0.4679357803098525,-0.05461583901721326
158,"Following the campaign, King was instrumental in the founding of the Southern Christian Leadership Conference (SCLC) in 1957, a group created to harness the moral authority and organizing power of black churches to conduct nonviolent protests in the service of civil rights reform.",-0.11937548907453559,0.9931108951568604,0.4677230206626993,-0.05583466434302884
332,"His nationally televised speech ""A Time for Choosing"" electrified conservatives; soon after, several top Republican contributors visited Reagan at his home in Pacific Palisades, California, urging him to seek the governorship in 1966.",-0.12339644686752627,0.9861310720443726,0.45717046657505167,-0.05641321118813056
231,"John William Coltrane (September 23, 1926 - July 17, 1967) was an American jazz saxophonist and composer.",-0.12834062510288505,0.995622456073761,0.4715201630820534,-0.06051519247856504
244,"George Timothy Clooney (born May 6, 1961 in Lexington, Kentucky) is an American film and television actor, known for his former role in the long-running television drama ER (1994-99).",-0.13037292525646405,0.9928411245346069,0.4673151637533323,-0.06092524491522545
139,"Henry Ford (July 30, 1863 - April 7, 1947) was the founder of the Henry Ford Motor Company which later became Cadillac and Ford Motor Company.",-0.1311474704101363,0.9957828521728516,0.4717626604181353,-0.06187047954779458
155,"Mrs. Roosevelt was active in the formations of numerous institutions, most notably the United Nations, United Nations Association and Freedom House.",-0.1300115177752641,0.9989778995513916,0.4765931424706559,-0.06196259781389265
146,"He founded the University of Chicago in 1890, the Rockefeller Institute for Medical Research (now Rockefeller University) in New York City in 1901, the General Education Board in 1902, the Rockefeller Foundation in 1913, and the Laura Spelman Rockefeller Memorial in 1918, as well as giving large gifts to other institutions.",-0.1332260339731907,0.9990659356117249,0.47672624115716383,-0.0635123464003158
284,"He graduated from West Point in 1843, ranking 21st in a class of 39.",-0.19289233542055917,0.9220332503318787,0.36026317829272714,-0.06949200582691743
48,"Born in Dublin to William Aitken (himself a Conservative MP) and Penelope Aitken, daughter of John Maffey, 1st Baron Rugby, he attended Eton College and read law at Christ Church, Oxford.",-0.20814761124203268,0.9095776677131653,0.3414320120641766,-0.07106825771271924
63,"He received an A.B. degree in 1938 and a Juris Doctor (J.D.) degree in 1941, both from Harvard University.",-0.1738657465654838,0.9599784016609192,0.417631145261299,-0.07261175085985376
331,"She is the youngest daughter of their household, eternally a baby.",-0.1565986930856926,0.9991030693054199,0.47678238230929276,-0.0746634979559183
371,"Grant married Julia Boggs Dent (1826 - 1902) on August 22, 1848.",-0.16961927273396488,0.9791146516799927,0.446562582363155,-0.07574562045063964
271,"In 1960, Dole was elected as a Republican to the United States House of Representatives for the 87th Congress and to three succeeding Congresses, spanning from January 3, 1961 to January 3, 1969.",-0.16813436726918213,0.9817736744880676,0.45058266733526514,-0.07575843167487518
317,"He was born in Groton, England, as the son of John Winthrop, the founding governor of the Massachusetts Bay Colony.",-0.1648246797993634,0.9903614521026611,0.46356623243572614,-0.07640715582701584
78,Keynes was educated at Oundle School.,0.599567906286317,0.5993105173110962,-0.1276502029822667,-0.07653496493910102
60,Einstein's relationship with Mileva developed into romance over the next few years.,-0.16186407437260225,0.9969755411148071,0.4735658457377185,-0.07665329727481435
340,"Nicholas Gilman, Jr. (August 3, 1755 - May 2, 1814) was a soldier in the Continental Army during the American Revolutionary War, a delegate to the Continental Congress, and a signer of the U.S. Constitution, representing New Hampshire.",-0.16523681748816846,0.9911733269691467,0.4647936780748087,-0.0768010281537017
298,"Walter Ulbricht (June 30, 1893 - August 1, 1973) was a German communist politician.",-0.18952237285082188,0.9536888599395752,0.40812220382662956,-0.07734828848232961
328,"At the age of 17, and having barely passed West Point's height requirement for entrance, Grant received a cadetship to the United States Military Academy at West Point, New York, through his U.S. Congressman, Thomas L. Hamer.",-0.17402263871919907,0.9834892749786377,0.45317642460930624,-0.07886295721584366
319,"Dole has worked part-time for a Washington, DC, law firm, and engaged in a career of writing, consulting, public speaking, and television appearances.",-0.1705189955303673,0.9913902282714844,0.46512160368090383,-0.07931206865914131
377,"In 1964, he married Lynne Vincent.",-0.18239545051585948,0.9765847325325012,0.4427376847674674,-0.0807533394735108
81,"Burroughs attended John Burroughs School in St. Louis, and The Los Alamos Ranch School in New Mexico.",0.7422201866777667,0.6117323637008667,-0.10887004139593928,-0.08080554244851024
402,"He was married to Grace Coolidge and had 2 children: John (born 6 September, 1906 - died 2000) and Calvin Jr. (born 13 April - died 1924).",-0.1853897517922148,0.9818582534790039,0.45071053939765837,-0.08355711502906714
64,He kept his Swiss passport for his whole life.,-0.18766510572600756,0.9816311001777649,0.4503671141476368,-0.08451819209203318
167,"In the 40s, Gillespie led the movement called Afro-Cuban music, bringing Latin and African elements to greater prominence in jazz and even pop music, particularly salsa.",-0.17829019876036392,0.999549925327301,0.4774579685332266,-0.08512607610950855
334,"In between his sea voyages, Kerouac stayed in New York with friends from Fordham.",-0.18397266907970714,0.9974984526634216,0.4743564176921764,-0.08726861625791811
355,Clooney was Ferrer's third wife.,-0.18510754737392854,0.996833860874176,0.47335164426322324,-0.08762096191498156
245,"He is a strong supporter of the Democratic Party and is of mostly Irish American heritage, although he also has some distant German ancestry.",-0.18821548194336168,0.9959338307380676,0.471990919709215,-0.08883599842596042
348,"He maintained homes in Long Island, New York and Greenwich, Connecticut; the family compound at Kennebunkport, Maine; a 10,000 acre (40 km�) plantation in South Carolina; and an island retreat in Florida.",-0.1907026510844248,0.993152379989624,0.4677857401520761,-0.08920798078649077
108,He moved to San Juan where he started to work for the Texas Company as a file clerk.,0.04613197390499857,-0.701769232749939,-2.094707850947287,-0.09663300791849587
47,"During his stay in prison, he rediscovered the Bible, learned Greek, and became a student of Christian theology at Oxford University.",-0.21137368119966932,0.9871054887771606,0.4586436536617356,-0.09694519743334724
313,"Lyman Enos Knapp (November 5, 1837 - October 9, 1904) was an American Republican politician who was the Governor of the District of Alaska from 1889 to 1893.",-0.21964567075962038,0.98711097240448,0.4586519441689521,-0.10074091392219345
274,"Richard Bruce Cheney (born January 30, 1941), widely known as Dick Cheney, is an American politician and businessman affiliated with the U.S. Republican Party.",-0.24107777206476388,0.9641277194023132,0.4239043557979039,-0.10219391766430765
401,He was married to Harriet Fay.,-0.2716937403468299,0.9462452530860901,0.3968684710797277,-0.10782667933337892
322,Laurance and Mary had three daughters and a son.,-0.22999114846090074,0.9939321875572205,0.46896470434678406,-0.10785773094034364
342,"Cheney grew up in Casper, Wyoming, and met his high-school sweetheart and future wife, Lynne Vincent, at age fourteen.",-0.2350071056501343,0.9987442493438721,0.47623989477186696,-0.11191975926546098
338,"After a few months, while working in a printing house, Franklin was induced by Pennsylvania Governor Sir William Keith to go to London, ostensibly to acquire the equipment necessary for establishing another newspaper in Philadelphia.",0.04433248903578364,-0.992526650428772,-2.5342939732590652,-0.11235155978296008
276,"Frank Charles Carlucci III (born October 18, 1930) was a government official in the United States, associated with the Republican Party.",-0.25128335319467837,0.982196569442749,0.4512220276472313,-0.11338458414249815
53,from Dartmouth College in 1809 and an A.M. from Dartmouth in 1812.,-0.6045109167306105,0.8087871670722961,0.18905032668436475,-0.11428298629218674
364,"At the time of his death, Ferrer was married to Stella Magee, whom he married in 1992.",-0.377441837771945,0.8856744766235352,0.305293600993356,-0.11523057781894719
106,"In 1925, he joined the United States Rubber Company (based in New York City) as manager of the foreign division, and moved to Greenwich, Connecticut.",0.7940185668199137,0.5877053737640381,-0.1451956196785927,-0.11528801784572544
43,Bush served in the French and Indian Wars as a soldier between 1755 and 1757.,-0.3333155917987633,0.914309024810791,0.3485851878504431,-0.11618887818065353
362,He married Carolyn Bessette in 1996.,-0.26401705454258795,0.9761896133422852,0.44214031767683687,-0.1167325843675626
291,Bush is a lifelong member of the Republican Party and was a businessman in both the oil and professional sports industries.,-0.24778925060394977,0.9991247057914734,0.4768150937671143,-0.11814965476120529
299,"The contest between the two was bitter, although they differed little on issues.",0.047139246638864124,-0.9953888654708862,-2.5386212575692295,-0.11966869358321931
293,He served in the United States Senate as a Republican from Minnesota.,-0.2747033567670537,0.9725567102432251,0.4366478566459226,-0.1199486319457742
405,"On April 8, 1995 he married actress Patricia Arquette.",-0.2611443611257379,0.99048912525177,0.4637592570711358,-0.12110811490398861
128,In 1948 she won the Miss Burbank Beauty Contest which resulted in a motion picture contract with Warner Bros.,-0.3587264664165214,0.907926082611084,0.338935037450467,-0.12158496832935736
54,He began to learn mathematics around age twelve.,-0.2866743775472995,0.9664409756660461,0.42740168824433183,-0.12252511294010879
120,"He then returned to local and syndicated radio and television in Cincinnati, including a stint as news anchor for WKRC-TV.",0.4793609223562342,0.5143317580223083,-0.25612666137441914,-0.12277711263646442
294,"His father, a tanner, and his mother were born in Pennsylvania.",-0.2882321370307794,0.9709445238113403,0.4342104475242792,-0.12515340521101406
307,"Diane Julie Abbott (born September 27, 1953 in Paddington, London) is a British Labour Member of Parliament for Hackney North and Stoke Newington constituency.",-0.32771810561960973,0.9381794929504395,0.38467412622059155,-0.1260646759258909
403,He was married with HRH Princess Olga of Greece and Denmark in 1923.,-0.26585307772989497,0.9984328150749207,0.4757690480304965,-0.12648466570752973
154,"In 1968, 6 years after her death, she was honored, as the former president of United Nations Commission on Human Rights, by a posthume Nobel Peace Prize, along with Rene Cassin, president of the European Court of Human Rights, for their work in drafting and promoting the adoption and proclamation the 1948 Universal Declaration of Human Rights.",-0.27697147732892546,0.9990129470825195,0.4766461296254742,-0.1320173826854821
335,He is the heir to several Forbes family offshore trusts.,-0.28388150011341573,0.9948452711105347,0.47034516391253595,-0.13352229070258112
393,"Bush is very close to his wife Laura, his father George H. W. Bush and mother Barbara Bush.",-0.2835663441280813,0.9971099495887756,0.473769053278731,-0.1343449583992719
141,"Henry Ford, with his son Edsel, founded the Ford Foundation in 1936 as a local philanthropic organization with a broad charter to promote human welfare.",-0.3020224610732836,0.9975904226303101,0.47449546391647013,-0.14330828778016175
44,"He won directing Emmys for his work on the original 1854 CBS teleplay, Twelve Angry Men.",-0.30429787649551593,0.9984142780303955,0.4757410225115365,-0.144766982912066
330,"In 1920, after years of moving from town to town, the family settled in Dixon, Illinois.",-0.3327492111095369,0.9798071384429932,0.4476095292418615,-0.1489417177403406
329,"In the fall of 1823 they moved to the village of Georgetown in Brown County, Ohio, where Grant spent most of his time until he was 17.",-0.43497289888173396,0.9109418988227844,0.3434945460769013,-0.14941081845713508
239,"Mildred Bailey (February 27, 1907 - December 12, 1951) was a popular American singer during the 1930s.",-0.31662778493846655,0.9984379410743713,0.47577679785245974,-0.1506441536291409
376,"Cheney grew up in Casper, Wyoming, and met his high-school sweetheart and future wife, Lynne Vincent, at age fourteen.",-0.31700396287514276,0.9987442493438721,0.47623989477186696,-0.15096993392192282
152,"His grandfather, also named William Seward Burroughs, founded the Burroughs Adding Machine company, which evolved into the Burroughs Corporation.",-0.35428906722085546,0.9676197171211243,0.4291837868390383,-0.15205512350551734
272,"John Alston Maxton, Baron Maxton (born May 5, 1936) was a Labour backbench Member of Parliament in the British House of Commons.",-0.3576649210902282,0.9732042551040649,0.4376268574111376,-0.15652377542291906
367,"The couple have four children: daughters Katherine and Christina, and sons Patrick and Christopher.",-0.3557590338356381,0.9967792630195618,0.47326909964789404,-0.16836975763499712
326,"Coltrane moved to Philadelphia, Pennsylvania in June 1943.",-0.3751146740905342,0.9823710918426514,0.45148588205081647,-0.16935897950196938
52,"After the war, Dole continued to study law, and eventually earned his Law Degree from Washburn University in 1952.",-0.4686776031833825,0.9260636568069458,0.36635661098262695,-0.17170313834572445
268,He was wearing shoes without socks and died from a toe infection.,0.06915152866151017,-0.9991979002952576,-2.5443800060873687,-0.1759477669167241
20,He also was awarded the Presidential Medal of Freedom.,-0.3816190035690387,0.9985507130622864,0.4759472939356507,-0.18163053206310342
388,"He was married to actress Talia Shire, whose brother Francis Ford Coppola offered him his big break, scoring The Conversation in 1974.",-0.3856139945701382,0.9975322484970093,0.47440751244860835,-0.1829381759293904
400,Honecker married Margot Feist in 1953 and remained married until his death.,-0.6822063954821275,0.8615894317626953,0.26888025147125855,-0.18343182717253528
372,He was given just his grandfather's first and last name and was not given any middle name.,0.07248833804574475,-0.9985804557800293,-2.5434465129976354,-0.18437021063544332
37,In 1997 she received the Lifetime Achievement Award in Comedy.,-0.40526627292357575,0.9994649291038513,0.4773294656713712,-0.1934455335092385
162,He was a founding member of Arbusto Energy company and served as managing general partner of the Texas Rangers baseball team.,-0.41723949985426206,0.9915004968643188,0.4652883149673221,-0.19413666382499783
365,"He married his second wife, Elizabeth Harris in June 2003.",-0.4354624955693982,0.9797115921974182,0.4474650761650353,-0.1948542587469771
130,"Eventually, the band settled on Chad Channing, with whom the band recorded the album Bleach, released on Sub Pop Records in 1989.",-0.5247184115181305,0.9315404891967773,0.3746368451792896,-0.1965788502986406
147,His gift of $5 million dollars helped found the Great Smoky Mountains National Park.,-0.4171063605721259,0.9986796975135803,0.47614230108365563,-0.198601982319441
46,"In 1989, he earned a Juris Doctor (J.D.) degree from New York University Law School.",-0.5112286136126046,0.9411563873291016,0.38917479026863067,-0.19895728848200822
375,Reagan remarried in 1952 to actress Nancy Davis.,-0.4844715299343941,0.9617741703987122,0.42034610614627665,-0.20364572114665186
396,He is married to singer Chynna Phillips.,-0.4587835259509784,0.987872838973999,0.4598037839867888,-0.21095040126306097
363,"Ferrer had previously been married to Uta Hagen (1938-1948), by whom he had a daughter, and actress Phyllis Hill (1948-1953).",-0.4665778067499161,0.9829675555229187,0.45238765493902583,-0.21107403984218853
136,"Her broadcast journalism career started with KYW-TV in Philadelphia, Pennsylvania.",-0.7326580070669533,0.8804753422737122,0.2974332088958407,-0.21791682206515545
56,"He was a first round draft pick in 1992, out of Georgia Tech.",-0.4950785224027294,0.9758864641189575,0.4416819968105001,-0.21866727035282943
382,"After Oxford, Clinton received a Juris Doctor (J.D.) degree from Yale Law School, where he met classmate Hillary Rodham whom he married in 1975.",-0.5312957312583189,0.9743102788925171,0.4392990166710169,-0.23339769230328833
325,"He was a director of the Sterling, Virginia company Securacom, also known as Stratesec, from 1993 until fiscal year 2000.",-0.8731853087327959,0.861469030380249,0.26869822076933164,-0.2346233388584218
143,"After this initial success, Ford left Edison Illuminating and, with other investors, formed the Detroit Automobile Company.",0.1277412130796976,-0.5318514704704285,-1.8378150403403015,-0.2347647226691835
50,"Dole graduated from High School in the spring of 1941, and enrolled at the University of Kansas the following Autumn.",-0.6426122034960956,0.9325552582740784,0.37617103958538173,-0.24173210063937917
156,She chaired the committee that drafted and approved the Universal Declaration of Human Rights.,-0.5136374845775313,0.9965118765830994,0.472864847306882,-0.2428811107158453
9,"In 1991 he was awarded the Presidential Medal of Freedom for ""preserving America's defenses at a time of great change around the world.""",-0.5130776875507779,0.9995391368865967,0.47744165786142023,-0.24496466175594717
34,"Roosevelt was also influential in spearheading the construction of the Panama Canal, and for his mediation in the Russo-Japanese War of 1905, he was awarded the Nobel Peace Prize in 1906.",-0.5161422888209258,0.9993599057197571,0.47717068443533395,-0.246287969222701
38,Her sister Betty sang in a duo with Rosemary for much of her early career.,-0.5222782195162559,0.9971010088920593,0.4737555361473998,-0.24743219790503315
7,"He was twice nominated for an Academy Award for Best Supporting Actor, the first for his role in the 1943 film, Sahara then for his performance in the 1945 film, A Medal for Benny for which he won the Golden Globe Award for Best Supporting Actor - Motion Picture.",-0.5349446819382666,0.9959263801574707,0.4719796554331056,-0.25248300665699536
122,"Ruth Jayne Lawrence (born August 2, 1971) is an Associate Professor of mathematics at the Einstein Institute of Mathematics, Hebrew University of Jerusalem, and a researcher in knot theory and algebraic topology.",-0.5514851675039055,0.9908916354179382,0.4643677983236668,-0.2560919530419472
45,"Because of his father's legacy at Ole Miss, as well as his own status as the most highly recruited high school quarterback of his class, Peyton Manning stunned many when he chose to attend and play for the University of Tennessee.",-0.5413277865116994,0.9988779425621033,0.476442020942373,-0.2579113045978955
380,"King married Coretta Scott on June 18, 1953.",-0.5540630220091323,0.9970008730888367,0.4736041442764902,-0.26240654341388125
5,"Kennedy's other decorations of the Second World War include the Purple Heart, Asiatic-Pacific Campaign Medal, and the World War II Victory Medal.",-0.5537252919177936,0.9975858926773071,0.47448861523659563,-0.2627363469835536
288,Rupert John Cornford (27 December 1915 - 28 December 1936) was an English poet and communist.,-0.5966282641387156,0.9778625965118408,0.4446696432915326,-0.26530247739220897
404,"He has a son, Weston Coppola Cage (born 1990), by model Kristina Fulton.",-0.6486012597960313,0.956926167011261,0.4130165768532423,-0.26788307206365736
42,He was also a fan of hockey and was inducted into the United States Hockey Hall of Fame in 1993.,-0.5788698326096864,0.9995049238204956,0.4773899323055262,-0.27634663020324945
373,"Kennedy married his second wife Jacqueline Bouvier on September 12, 1953.",-0.5970193455574971,0.9944796562194824,0.46979240335529837,-0.28047515319906396
282,"The election of fellow-Republican Dwight Eisenhower to the presidency saw Rockefeller appointed first as chair of the President's Advisory Committee on Government Organization and later as an undersecretary in the Department of Health, Education, and Welfare.",-0.6148575400702778,0.9883550405502319,0.4605328079365853,-0.2831620694095466
346,"Clooney got his start in Los Angeles, a young college dropout from Kentucky who spent a good chunk of his struggling actor years riding to auditions on a bicycle.",-0.684454540862579,0.9622380137443542,0.4210473749197397,-0.2881877876820846
374,Reagan later married actress Jane Wyman in 1940.,-0.6389872420224688,0.983025312423706,0.45247497560742544,-0.28912573674757264
236,He served from 1961 until his assassination in 1963.,0.12804070011029264,-0.9532926082611084,-2.4749773766377863,-0.3168978360618376
392,"Though earning mediocre grades, he made many lasting friendships.",-0.7088757859731813,0.9996711015701294,0.4776411707198689,-0.3385882603071976
25,"Clinton received a B.S.F.S. degree from the Edmund A. Walsh School of Foreign Service at Georgetown University in Washington DC, where he became a brother of Alpha Phi Omega, worked for Senator J. William Fulbright, was elected to Phi Beta Kappa and won a Rhodes Scholarship to the University of Oxford (at the University College, Oxford) in England.",-0.7490843016242414,0.9869820475578308,0.45845702713515607,-0.3434229619962643
394,"He married his first wife, Joyce Halverson, in 1951.",-0.7936394487186899,0.9712634086608887,0.4346925585417589,-0.3449891625231984
395,"He later married Jean Forsyth Clyde in 1973, with whom he was married for the rest of his life.",-0.7675780066765192,0.9844212532043457,0.4545854503792714,-0.3489297938662689
23,"While The Godfather Part II won the Oscar, The Conversation won the 1974 Palme d'Or at the Cannes Film Festival.",-0.7381303693955596,0.9990301132202148,0.4766720825176301,-0.351846140349289
4,"The Foundation has grown immensely and, by 1950, had become national and international in scope.",-0.7783513885602605,0.9997850060462952,0.47781337897302845,-0.37190670699632666
40,"A screen legend, Hepburn holds the records for the most Oscars (4) and also Best Actress nominations (12).",-0.7813432867487982,0.9996665716171265,0.4776343220399944,-0.3731963710467631
14,"In 1968, 6 years after her death, she was honored, as the former president of United Nations Commission on Human Rights, by a posthume Nobel Peace Prize, along with Rene Cassin, president of the European Court of Human Rights, for their work in drafting and promoting the adoption and proclamation the 1948 Universal Declaration of Human Rights.",-0.8239313998347324,0.9990129470825195,0.4766461296254742,-0.3927237128081243
16,He won a Nobel Prize in Chemistry in 1928.,-0.8502500812949074,0.9980937838554382,0.4752564784104171,-0.4040868594043886
22,"However, his name as a filmmaker was made as the co-writer and director of The Godfather (1972) and The Godfather Part II (1974), which both won the Academy Award for Best Picture - the latter being the first sequel to do so.",-0.8686052055807852,0.9926464557647705,0.46702085074714744,-0.40565674207373925
8,"In recognition of his work with electricity, Franklin was elected a Fellow of the Royal Society and received its Copley Medal in 1753.",-0.8617593882141851,0.9987504482269287,0.47624926664958994,-0.4104122766654049
318,"During the Great Depression, which hit all of Kansas very hard, the Doles moved into the basement of their home, and rented out the rest of their house.",0.16854943679821835,-0.9722223877906799,-2.5035966581201,-0.4219798066960445
157,"Despite leaving the band for an acting career, he still composes music for some films.",-0.9354094802819949,0.9977704286575317,0.47476760882727176,-0.44410212222784373
386,Shire is currently married to actress Didi Conn.,-1.0464715362756554,0.9703490138053894,0.43331011646341183,-0.45344670325924974
12,Received the Presidential Medal of Freedom in 1977.,-0.9543328181625927,0.9990973472595215,0.4767737313452408,-0.45500081866059855
27,"There he published tables of atmospheric refraction based on Bradley's observations, which won him the Lalande Prize from the Institut de France.",-0.9772095834901557,0.9963603615760803,0.4726357769879225,-0.46186421077291384
39,"A special military decoration, the Dewey Medal, was also named in his honor.",-0.9858467021376548,0.9937793612480164,0.4687336515152293,-0.4620995245272295
88,"The family was Jewish (non-observant); Albert attended a Catholic elementary school and, at the insistence of his mother, was given violin lessons.",0.2279105448125661,-0.6809162497520447,-2.063180944401421,-0.4702206930854325
30,"Lift, the mother of Danny DeVito's character in her Academy Award nominated performance in Throw Momma from the Train.",-0.9894171395618085,0.9984548091888428,0.47580230017357134,-0.47076695083466397
26,He won the Gold Medal of the Royal Astronomical Society in 1841.,-1.0426077089109511,0.9959459900856018,0.4720093030078254,-0.49212053799364375
21,"In 1971, Coppola won an Academy Award for his screenplay for Patton.",-1.0382427638684173,0.9990872144699097,0.4767584119297321,-0.4949909712994425
13,Confidential (1997) for which she received an Academy Award for Best Supporting Actress.,-1.0396275873795824,0.9988172650337219,0.4763502846777385,-0.4952268972070945
0,"He won the Gold Medal of the Royal Astronomical Society in 1892, and also later served as president of that organization.",-1.083369454680408,0.9983410835266113,0.47563036226303834,-0.5152834061943528
257,He spent his time there teaching English.,0.2584837433366504,-0.6404376029968262,-2.0019826729846293,-0.5174799754081802
18,"He was awarded the 1921 Nobel Prize for Physics for his explanation of the photoelectric effect in 1905 (his ""miracle year"") and ""for his services to Theoretical Physics"".",-1.0875638285531484,0.9994057416915894,0.47723998226195863,-0.5190289422474523
28,In 1923 he was awarded the inaugural Bucher Memorial Prize by the American Mathematical Society.,-1.101818863724466,0.9971603155136108,0.4738451997852301,-0.5220915796086548
153,Jack didn't start to learn English until the age of six.,0.20879750369469066,-0.9814396500587463,-2.5175319193804873,-0.525654380238349
351,"The Bushes moved to Columbus, Ohio, in 1923, where Bush worked for the Hupp Products Company, where his business efforts generally failed.",0.2085403758972828,-0.9996957778930664,-2.545132730074099,-0.5307629362381302
31,He has also made notable appearances on television.,-1.1473505919635232,0.9942224621772766,0.46940356054400395,-0.5385704530599484
32,"Edric Frederick Gifford, 3rd Baron Gifford, VC (5 July 1849 - 5 June 1911) was an English recipient of the Victoria Cross, the highest and most prestigious award for gallantry in the face of the enemy that can be awarded to British and Commonwealth forces.",-1.1393988097949281,0.9965618252754211,0.47294036301391906,-0.5388676867220407
113,"In 1974, his first year as a University of Arkansas law professor, Clinton ran for the House of Representatives.",0.25928984358027074,-0.7385601997375488,-2.150330846375209,-0.5575589488024592
11,"PFC Fernando Luis Garcia (October 14, 1929 - September 5, 1952), born in Utuado, Puerto Rico, was a member of the United States Marines and the first Puerto Rican who was awarded the Medal of Honor.",-1.2009535504825013,0.9930599927902222,0.4676460631283203,-0.5616211998831202
41,"Hepburn won an Emmy Award in 1975 for her lead role in Love Among the Ruins, and was nominated for four other Emmys and two Tony Awards during the course of her more than 70-year acting career.",-1.1832083211062945,0.9988435506820679,0.47639002504385225,-0.563668641723922
33,"As a soldier, he led a famous cavalry charge in the Battle of San Juan Hill in 1898 for which he was posthumously awarded the Congressional Medal of Honor in 2001 by President Bill Clinton, making Roosevelt the only President to have received the award as of 2005.",-1.1933155211951838,0.9980910420417786,0.47525233315680887,-0.5671259856402445
35,He was the first American to win a Nobel Prize in any category.,-1.2007452742153235,0.9987164735794067,0.4761979015505313,-0.5717923798780543
129,He published several poetry collections in the 1930s before starting to write for the stage.,0.25950494436690075,-0.9176523685455322,-2.4210941261264,-0.6282858965074616
36,"Reynolds was nominated for an Academy Award for Best Actress following her performance in The Unsinkable Molly Brown (1964), a Golden Globe for The Debbie Reynolds Show on television (1970), a Golden Globe for the motion picture Mother (1997), and a Blockbuster Entertainment Award for In & Out (1997).",-1.3219981154482696,0.9993693232536316,0.47718492248033617,-0.630837568239333
29,"She was nominated for the Academy Award for Best Supporting Actress for The Godfather, Part II and for the Best Actress in a Leading Role for Rocky.",-1.5026795462707756,0.9985513091087341,0.4759481950777395,-0.7151976178278122
2,President Clinton awarded him the Presidential Medal of Freedom in early 1997 for his service in the military and his political career.,-1.5035882024235439,0.9988358616828918,0.4763784003109074,-0.7162769425968806
6,"Sir Andrew Fielding Huxley, OM, FRS (born 22 November 1917, Hampstead, London, England, UK) is a British physiologist and biophysicist, who won the 1963 Nobel Prize in Physiology or Medicine for his work with Alan Lloyd Hodgkin on the basis of nerve ""action potentials,"" the electrical impulses that enable the activity of an organism to be coordinated by a central nervous system.",-1.6232634799329986,0.9975553154945374,0.47444238664744287,-0.7701449995770453
3,The book was awarded the 1957 Pulitzer Prize for Biography.,-1.7833160971977702,0.998002827167511,0.4751189641276743,-0.8472872968128115
1,"Dole was twice decorated for heroic achievement, receiving two Purple Hearts for his injuries, and the Bronze Star Medal for his attempt to assist a downed radio man.",-2.1275099711137555,0.9888749122619629,0.4613187840663906,-0.9814603129633195
71,"He attended the University of Wisconsin-Madison as a doctoral candidate in political science and completed all required coursework as an ABD, but left and entered politics before completing his thesis.",0.39196561965414045,-0.9961251616477966,-2.539734438391459,-0.9954885829010686
261,"The same year, he renounced his Wuerttemberg citizenship and became stateless.",0.3983833815412142,-0.9991356730461121,-2.5442859268533033,-1.0136012311475413
61,"After Raymond graduated from high school, he enrolled in the ""1Universidad del Sagrado Corazon"" (University of the Sacred Heart) of San Juan, where he earned a Bachelors Degree in ""Radio and Television Production"".",0.5427771746860098,-0.634229838848114,-1.992597368244536,-1.081536369822548
93,"Homer works in the Springfield Nuclear Power Plant, in Sector 7G, although ""working"" in this case refers largely to dozing and eating doughnuts.",0.43364327444295137,-0.9897950291633606,-2.530164129180546,-1.0971886578559504
98,"He joined the Foreign Service, working for the State Department from 1956 until 1969.",0.6888604793745043,-0.614145815372467,-1.9622330251073632,-1.351704782319942
216,Then he went on to a public grammar school for three years.,0.5409049756564317,-0.9903638958930969,-2.531024179190046,-1.3690435720306318
180,"He became Chief Secretary to the Treasury in 1994, a Cabinet position, but resigned in 1995, to defend himself against accusations that whilst Minister of Defence Procurement he violated ministerial rules by allowing an Arab businessman to pay for his stay in the Ritz Hotel Paris.",0.6298799923635244,-0.9912398457527161,-2.5323484976036688,-1.5950756523323815
